{
    "SB" : {
        "road_square" : [
            [567, 97],
            [934,82],
            [1358,523],
            [647, 674]
        ],
        "GPS": [
            [37.311099, 127.082428],
            [37.311278, 127.082680],
            [37.310855, 127.083236],
            [37.310652, 127.083051]
        ],
        "length" : [
            336, 980
        ] 

    },
    "GW" : {
        "road_square" : [
            [961, 172],
            [1261,178],
            [1225, 600],
            [350, 550]  
        ],
        "GPS": [
            [37.286048, 127.054638],
            [37.286265, 127.054891],
            [37.285383, 127.056012],
            [37.285166, 127.055749]
        ],
        "length" : [
            350, 1380
        ] 
    },
    "GS" : {
        "road_square" : [
            [479, 253],
            [950, 230],
            [1583, 740],
            [468, 832] 
        ],
        "GPS": [
            [37.264419, 127.025402],
            [37.264342, 127.025792],
            [37.263609, 127.025500],
            [37.263700, 127.025116]
        ],
        "length" : [
            357, 1209
        ] 
    },
    "SJ" : {
        "road_square" : [
            [555, 408],
            [1064, 415],
            [1445, 687],
            [522, 784]  
        ],
        "GPS": [
            [37.564608, 126.977297],
            [37.564656, 126.977008],
            [37.565242, 126.977084],
            [37.565238, 126.977436]
        ],
        "length" : [
            522, 737
        ] 

    },
    "SG" : {
        "road_square" : [
            [681, 554],
            [973, 610],
            [958, 805],
            [583, 700] 
        ],
        "length" : [
            986, 542
        ],
        "GPS": [
            [37.561582, 126.981181],
            [37.561638, 126.981542],
            [37.561327, 126.981733],
            [37.561253, 126.981338]
        ]

    },
    "NC" : {
        "road_square" : [
            [142, 194],
            [485, 142],
            [1145, 610],
            [466, 828]
        ],
        "length" : [
            258, 868
        ],
        "GPS": [
            [37.400837, 127.109537],
            [37.400838, 127.109830],
            [37.400095, 127.109841],
            [37.400111, 127.109552]
        ]

    },
    "KO" : {
        "road_square" : [
            [547, 162],
            [755, 158],
            [1076, 400],
            [452, 430]
        ],
        "length" : [
            215, 1008
        ] ,
        "GPS": [
            [37.424663, 126.993715],
            [37.424575, 126.993881],
            [37.423814, 126.993274],
            [37.423900, 126.993101]
        ]
    }
}
