{
    "SB" : {
        "road_square" : [
            [567, 97],
            [934,82],
            [1358,523],
            [647, 674]
        ],
        "length" : [
            336, 980
        ] 

    },
    "GW" : {
        "road_square" : [
            [961, 172],
            [1261,178],
            [1225, 600],
            [350, 550]  
        ],
        "GPS": [
            [37.286048, 127.054638],
            [37.286265, 127.054891],
            [37.285383, 127.056012],
            [37.285166, 127.055749]
        ],
        "length" : [
            350, 1380
        ] 
    },
    "SJ" : {
        "road_square" : [
            [555, 408],
            [1064, 415],
            [1445, 687],
            [522, 784]  
        ],
        "length" : [
            522, 737
        ] 

    },
    "SG" : {
        "road_square" : [
            [681, 554],
            [973, 610],
            [958, 805],
            [583, 700] 
        ],
        "length" : [
            986, 542
        ] 

    },
    "NC" : {
        "road_square" : [
            [142, 194],
            [485, 142],
            [1145, 610],
            [190, 899]
        ],
        "length" : [
            258, 868
        ] 

    },
    "KO" : {
        "road_square" : [
            [547, 162],
            [755, 158],
            [1094, 400],
            [430, 430]
        ],
        "length" : [
            215, 1008
        ] 

    }
}
